-- Tabla person
INSERT INTO person (first_name, last_name, password,role, username) VALUES
('Brayan', 'Maldonado', '$2a$10$e8LWRPDbZyFC5i9NXi2zOODE6gTuuEd9v0.esf6oR6c6mkNi/YGpe','USER', 'u@gmail.com'),
('Luis', 'Pérez', 'ID1002','ADMIN', 'perez02'),
('Carlos', 'Mendoza', '$2a$10$QeRgJqkcaJMmJT9wEdA8Z.6EnkLMchbScRUdvSqobgVbnJ93TWmle','PROVIDER', 'p@gmail.com'),
('Laura', 'López', '$2a$10$hUTJiaAI2usD1awzOQi4vew8u2uZxsIwLVLioJ7VYpsHloEkUMTTi','ADMIN', 'a@gmail.com'),
('Diego', 'Martínez', 'ID2003','USER', 'martinez03'),
('Marta', 'Rodríguez', 'ID3001','PROVIDER', 'rodriguez01'),
('Andrés', 'Suárez', 'ID3002','USER', 'andress'),
('Natalia', 'Castro', 'ID2004','ADMIN', 'castro04'),
('Felipe', 'Gómez', 'ID2005','USER', 'Gomez05'),
('Elena', 'Torres', 'ID2006','PROVIDER', 'elenat'),
('Pedro', 'Ramírez', '$2a$10$e8LWRPDbZyFC5i9NXi2zOODE6gTuuEd9v0.esf6oR6c6mkNi/YGpe', 'USER', 'pedro01'),
('Lucía', 'González', '$2a$10$e8LWRPDbZyFC5i9NXi2zOODE6gTuuEd9v0.esf6oR6c6mkNi/YGpe', 'PROVIDER', 'lucia_gz'),
('Camilo', 'Rojas', '$2a$10$e8LWRPDbZyFC5i9NXi2zOODE6gTuuEd9v0.esf6oR6c6mkNi/YGpe', 'ADMIN', 'camilo_r'),
('Daniela', 'Paredes', '$2a$10$e8LWRPDbZyFC5i9NXi2zOODE6gTuuEd9v0.esf6oR6c6mkNi/YGpe', 'USER', 'danip'),
('Esteban', 'Vargas', '$2a$10$e8LWRPDbZyFC5i9NXi2zOODE6gTuuEd9v0.esf6oR6c6mkNi/YGpe', 'ADMIN', 'estebanv'),
('Valeria', 'Navarro', '$2a$10$e8LWRPDbZyFC5i9NXi2zOODE6gTuuEd9v0.esf6oR6c6mkNi/YGpe', 'USER', 'valenav'),
('Julián', 'Ortiz', '$2a$10$e8LWRPDbZyFC5i9NXi2zOODE6gTuuEd9v0.esf6oR6c6mkNi/YGpe', 'PROVIDER', 'julioz'),
('Isabela', 'Ruiz', '$2a$10$e8LWRPDbZyFC5i9NXi2zOODE6gTuuEd9v0.esf6oR6c6mkNi/YGpe', 'USER', 'isa_ruiz'),
('Tomás', 'Cabrera', '$2a$10$e8LWRPDbZyFC5i9NXi2zOODE6gTuuEd9v0.esf6oR6c6mkNi/YGpe', 'USER', 'tomasc'),
('Mariana', 'Salazar', '$2a$10$e8LWRPDbZyFC5i9NXi2zOODE6gTuuEd9v0.esf6oR6c6mkNi/YGpe', 'ADMIN', 'marisal');

-- Tabla tool
INSERT INTO tool (tool_name, quantity, rental_price, replacement_price, image, category) VALUES
('Martillo demoledor eléctrico', 5, 12000.00, 45000.00, 'https://media.falabella.com/sodimacCO/405918/w=1036,h=832,f=webp,fit=contain,q=85', 'demolicion'),
('Cincel neumático', 10, 8000.00, 30000.00, 'https://media.falabella.com/sodimacCO/769774/w=1036,h=832,f=webp,fit=contain,q=85', 'demolicion'),
('Pico de demolición', 15, 4000.00, 15000.00, 'https://m.media-amazon.com/images/I/31wV2g5m0rL._BO30,255,255,255_UF900,850_SR1910,1000,0,C_ZA291,500,900,420,420,AmazonEmber,50,4,0,0_PIRIOFOURANDHALF-medium,BottomLeft,30,-20_QL100_.jpg', 'demolicion'),
('Cortadora de concreto', 4, 15000.00, 55000.00, 'https://media.falabella.com/sodimacCO/588087/w=1036,h=832,f=webp,fit=contain,q=85', 'demolicion'),

('Arnés de seguridad', 20, 2500.00, 10000.00, 'https://www.seguridadyaltura.com/wp-content/uploads/2022/03/8004-1.jpg', 'trabajo en altura'),
('Mosquetón de seguridad', 30, 500.00, 2000.00, 'https://encrypted-tbn1.gstatic.com/shopping?q=tbn:ANd9GcTmynF0jYabco9VUT0NZnVzXgzBPyhK4odGx2S0BEF1XBx29dEif2eeOrQyCr3Q-wukOh2HmfsHgt2pzXElbVs2iJNmaoI574gL28V_e8pjJWgHrmD7GurTEZKkDTCbH75w3mk&usqp=CAc', 'trabajo en altura'),
('Cuerda de seguridad 20m', 10, 2000.00, 7000.00, 'https://media.falabella.com/sodimacCO/372121/w=1036,h=832,f=webp,fit=contain,q=85', 'trabajo en altura'),
('Escalera telescópica', 6, 3500.00, 12000.00, 'https://media.falabella.com/sodimacCO/901113/w=1036,h=832,f=webp,fit=contain,q=85', 'trabajo en altura'),

('Hormigonera eléctrica', 3, 18000.00, 60000.00, 'https://http2.mlstatic.com/D_NQ_NP_955721-MCO83817343829_042025-O.webp', 'obra gruesa'),
('Carretilla reforzada', 8, 2000.00, 7000.00, 'https://media.falabella.com/sodimacCO/605461_01/w=200,h=200,f=webp,fit=contain,q=85', 'obra gruesa'),
('Nivel láser', 7, 3000.00, 12000.00, 'https://media.falabella.com/sodimacCO/625240/w=1036,h=832,f=webp,fit=contain,q=85', 'obra gruesa'),
('Vibrador de concreto', 4, 9000.00, 32000.00, 'https://media.falabella.com/sodimacCO/263618/w=1036,h=832,f=webp,fit=contain,q=85', 'obra gruesa'),

('Taladro percutor', 10, 5000.00, 18000.00, 'https://media.falabella.com/sodimacCO/296233/w=1036,h=832,f=webp,fit=contain,q=85', 'herramientas electricas'),
('Amoladora angular', 12, 4500.00, 16000.00, 'https://media.falabella.com/sodimacCO/657236/w=1036,h=832,f=webp,fit=contain,q=85', 'herramientas electricas'),
('Sierra circular', 6, 7000.00, 25000.00, 'https://media.falabella.com/sodimacCO/455759/w=1036,h=832,f=webp,fit=contain,q=85', 'herramientas electricas'),
('Lijadora orbital', 9, 4000.00, 15000.00, 'https://imagedelivery.net/4fYuQyy-r8_rpBpcY7lH_A/sodimacCO/873958/w=1036,h=832,f=webp,fit=contain,q=85', 'herramientas electricas'),

('Generador portátil 2000W', 3, 18000.00, 65000.00, 'https://media.falabella.com/sodimacCO/181753/w=1036,h=832,f=webp,fit=contain,q=85', 'generacion electrica'),
('Generador industrial 5000W', 2, 30000.00, 90000.00, 'https://media.falabella.com/sodimacCO/327611/w=1036,h=832,f=webp,fit=contain,q=85', 'generacion electrica'),
('Inversor de corriente', 4, 8500.00, 30000.00, 'https://media.falabella.com/sodimacCO/572866/w=1036,h=832,f=webp,fit=contain,q=85', 'generacion electrica'),
('Cable de alimentación 10m', 20, 700.00, 2500.00, 'https://http2.mlstatic.com/D_NQ_NP_888675-CBT83260925320_042025-O.webp', 'generacion electrica');

-- Tabla reservation
INSERT INTO reservation (rental_date, return_date, user_id) VALUES
('2025-05-01', '2025-05-03', 3),
('2025-05-02', '2025-05-05', 4),
('2025-05-03', '2025-05-06', 5),
('2025-05-04', '2025-05-07', 8),
('2025-05-05', '2025-05-08', 9),
('2025-05-06', '2025-05-09', 10),
('2025-05-07', '2025-05-10', 3),
('2025-05-08', '2025-05-11', 4),
('2025-05-09', '2025-05-12', 5),
('2025-05-10', '2025-05-13', 8),
('2025-05-11', '2025-05-14', 11),
('2025-05-12', '2025-05-15', 12),
('2025-05-13', '2025-05-16', 13),
('2025-05-14', '2025-05-17', 14),
('2025-05-15', '2025-05-18', 15),
('2025-05-16', '2025-05-19', 16),
('2025-05-17', '2025-05-20', 17),
('2025-05-18', '2025-05-21', 18),
('2025-05-19', '2025-05-22', 19),
('2025-05-20', '2025-05-23', 20);

-- Tabla reservation_tool
INSERT INTO reservation_tool (reservation_id, tool_id, quantity) VALUES
(1, 1, 1),
(2, 2, 2),
(3, 3, 1),
(4, 4, 1),
(5, 5, 3),
(6, 6, 2),
(7, 7, 1),
(8, 8, 2),
(9, 9, 1),
(10, 10, 1),
(11, 11, 1),
(12, 12, 2),
(13, 13, 1),
(14, 14, 2),
(15, 15, 1),
(16, 16, 3),
(17, 17, 1),
(18, 18, 2),
(19, 19, 1),
(20, 20, 1);

-- Tabla return
INSERT INTO return (reservation_id, date, condition) VALUES
(1, '2025-05-03', 'Buena'),
(2, '2025-05-05', 'Regular'),
(3, '2025-05-06', 'Excelente'),
(4, '2025-05-07', 'Buena'),
(5, '2025-05-08', 'Mala'),
(6, '2025-05-09', 'Buena'),
(7, '2025-05-10', 'Excelente'),
(8, '2025-05-11', 'Regular'),
(9, '2025-05-12', 'Buena'),
(10, '2025-05-13', 'Buena'),
(11, '2025-05-14', 'Buena'),
(12, '2025-05-15', 'Regular'),
(13, '2025-05-16', 'Buena'),
(14, '2025-05-17', 'Excelente'),
(15, '2025-05-18', 'Mala'),
(16, '2025-05-19', 'Buena'),
(17, '2025-05-20', 'Regular'),
(18, '2025-05-21', 'Buena'),
(19, '2025-05-22', 'Excelente'),
(20, '2025-05-23', 'Buena');

-- Tabla payment
INSERT INTO payment (reservation_id, date, subtotal, total, payment_method) VALUES
(1, '2025-05-01', 15.00, 16.50, 'Tarjeta'),
(2, '2025-05-02', 10.00, 11.00, 'Efectivo'),
(3, '2025-05-03', 20.00, 22.00, 'Tarjeta'),
(4, '2025-05-04', 18.00, 19.80, 'Transferencia'),
(5, '2025-05-05', 9.00, 9.90, 'Tarjeta'),
(6, '2025-05-06', 12.00, 13.20, 'Efectivo'),
(7, '2025-05-07', 4.50, 4.95, 'Tarjeta'),
(8, '2025-05-08', 11.00, 12.10, 'Transferencia'),
(9, '2025-05-09', 2.00, 2.20, 'Tarjeta'),
(10, '2025-05-10', 25.00, 27.50, 'Tarjeta'),
(11, '2025-05-11', 12.00, 13.20, 'Tarjeta'),
(12, '2025-05-12', 15.00, 16.50, 'Efectivo'),
(13, '2025-05-13', 8.00, 8.80, 'Transferencia'),
(14, '2025-05-14', 10.00, 11.00, 'Tarjeta'),
(15, '2025-05-15', 14.00, 15.40, 'Efectivo'),
(16, '2025-05-16', 18.00, 19.80, 'Transferencia'),
(17, '2025-05-17', 9.00, 9.90, 'Tarjeta'),
(18, '2025-05-18', 7.00, 7.70, 'Efectivo'),
(19, '2025-05-19', 20.00, 22.00, 'Transferencia'),
(20, '2025-05-20', 16.00, 17.60, 'Tarjeta');

-- Tabla notification
INSERT INTO notification (person_id, date, message, status) VALUES
(3, '2025-05-01', 'Tu herramienta ha sido reservada', 'enviada'),
(4, '2025-05-02', 'Tu herramienta ha sido entregada', 'vista'),
(5, '2025-05-03', 'Tienes una multa pendiente', 'enviada'),
(8, '2025-05-04', 'Gracias por tu devolución', 'vista'),
(9, '2025-05-05', 'Revisa el estado del pago', 'enviada'),
(10, '2025-05-06', 'Recordatorio de devolución', 'enviada'),
(3, '2025-05-07', 'Actualización en tu reserva', 'vista'),
(4, '2025-05-08', 'Pago confirmado', 'vista'),
(5, '2025-05-09', 'Herramienta lista para retiro', 'enviada'),
(8, '2025-05-10', 'Reserva finalizada', 'vista'),
(11, '2025-05-11', 'Tu herramienta ha sido reservada', 'enviada'),
(12, '2025-05-12', 'Tu herramienta ha sido entregada', 'vista'),
(13, '2025-05-13', 'Tienes una multa pendiente', 'enviada'),
(14, '2025-05-14', 'Gracias por tu devolución', 'vista'),
(15, '2025-05-15', 'Revisa el estado del pago', 'enviada'),
(16, '2025-05-16', 'Recordatorio de devolución', 'enviada'),
(17, '2025-05-17', 'Actualización en tu reserva', 'vista'),
(18, '2025-05-18', 'Pago confirmado', 'vista'),
(19, '2025-05-19', 'Herramienta lista para retiro', 'enviada'),
(20, '2025-05-20', 'Reserva finalizada', 'vista');

-- Tabla report
INSERT INTO report (id, income, rentals, last_updated, tool_id) VALUES
(1, 150.00, 10, '2025-05-15 12:00:00+00',1),
(2, 100.00, 5, '2025-05-15 12:00:00+00',2),
(6, 300.00, 20, '2025-05-15 12:00:00+00',3),
(7, 200.00, 12, '2025-05-15 12:00:00+00',4),
(3, 90.00, 3, '2025-05-15 12:00:00+00',5),
(4, 70.00, 2, '2025-05-15 12:00:00+00',6),
(5, 60.00, 2, '2025-05-15 12:00:00+00',7),
(8, 80.00, 3, '2025-05-15 12:00:00+00',8),
(9, 50.00, 2, '2025-05-15 12:00:00+00',9),
(10, 110.00, 4, '2025-05-15 12:00:00+00',10),
(11, 90.00, 4, '2025-05-15 12:00:00+00',11),
(12, 75.00, 3, '2025-05-15 12:00:00+00',12),
(13, 50.00, 2, '2025-05-15 12:00:00+00',13),
(14, 60.00, 2, '2025-05-15 12:00:00+00',14),
(15, 100.00, 5, '2025-05-15 12:00:00+00',15),
(16, 80.00, 3, '2025-05-15 12:00:00+00',16),
(17, 55.00, 2, '2025-05-15 12:00:00+00',17),
(18, 70.00, 2, '2025-05-15 12:00:00+00',18),
(19, 95.00, 4, '2025-05-15 12:00:00+00',19),
(20, 85.00, 3, '2025-05-15 12:00:00+00',20);